name;first date of contribution;company;org;awf-team
Torreskai0722;2022/01/01;None;autowarefoundation;wsu
takayuki5168;2022/01/05;@tier4;tier4, autowarefoundation;tier4
taikitanaka3;2022/01/06;Ⅳ;tier4, autowarefoundation;tier4
6022;2022/01/06;None;None;None
kyoichi-sugahara;2022/01/07;Tier IV;tier4, autowarefoundation;tier4
JonasLos;2022/01/08;None;None;None
kenji-miyake;2022/01/08;None;None;None
GPrathap;2022/01/11;None;None;None
kosuke55;2022/01/11;@tier4;tier4, autowarefoundation;tier4
maxime-clem;2022/01/12;None;tier4, autowarefoundation;tier4
TakaHoribe;2022/01/12;@tier4 ;CPFL, tier4, autowarefoundation, Autoware-AI;tier4
JWhitleyWork;2022/01/12;Electrified Autonomy;autowarefoundation, Autoware-AI;None
angry-crab;2022/01/13;None;autowarefoundation;None
xmfcx;2022/01/13;Autoware Foundation;leo-drive, autowarefoundation;bogazici
zulfaqar-azmi-t4;2022/01/18;TIER IV Inc;tier4, autowarefoundation;tier4
IshitaTakeshi;2022/01/18;None;autowarefoundation;None
wep21;2022/01/18;None;CPFL, autowarefoundation;None
KeisukeShima;2022/01/19;TIER IV, Inc.;cpprefjp, tier4, autowarefoundation;tier4
yukkysaito;2022/01/20;@tier4;CPFL, tier4, autowarefoundation;tier4
urbansound8K;2022/01/27;None;None;None
xczhanjun;2022/01/31;baidu usa ;None;None
HuaweiAlgolux;2022/02/01;None;None;None
isamu-takagi;2022/02/02;None;CPFL, tier4, autowarefoundation;tier4
mitsudome-r;2022/02/04;TIER IV;CPFL, tier4, autowarefoundation, ai-rush-2019, Autoware-AI, autoware-org, MitsudomeTestOrganization;udel
g-ise;2022/02/04;TIER IV;None;None
h-ohta;2022/02/07;@tier4 ;CPFL, tier4, autowarefoundation;tier4
Timple;2022/02/07;@nobleo ;tue-robotics, nobleo;None
badai-nguyen;2022/02/08;None;tier4, autowarefoundation;tier4
boyali;2022/02/10;None;None;None
wirin123;2022/02/16;None;None;None
BonoloAWF;2022/02/16;None;None;None
satoshi-ota;2022/03/01;@tier4;tier4, autowarefoundation;tier4
yukke42;2022/03/07;None;None;None
purewater0901;2022/03/07;University of California, Berkeley;autowarefoundation;None
08beeqtufail-sudo;2022/03/07;None;None;None
ambroise-arm;2022/03/07;None;autowarefoundation;arm
hueirutseng;2022/03/09;None;autowarefoundation;itri
filiperinaldi;2022/03/10;None;autowarefoundation;arm
yucedagonurcan;2022/03/11;ADASTEC Corp. @adastec ;None;None
Igata-ctrl;2022/03/15;TIER IV;tier4, autowarefoundation;tier4
mkuri;2022/03/15;TIER IV;tier4, autowarefoundation;tier4
kaspermeck-arm;2022/03/15;Arm;autowarefoundation;arm
LLplane;2022/03/17;None;None;None
armaganarsln;2022/03/22;Leo Drive Teknoloji A.Ş.;autowarefoundation;None
beyzanurkaya;2022/03/22;LeoDrive;autowarefoundation;leodrive
HaoruXue;2022/03/22;None;autowarefoundation, Triton-AI, LeCAR-Lab, DRIVE-LAB-CMU;None
meliketanrikulu;2022/03/23;Leo Drive;autowarefoundation;leodrive
TakumiKozaka-T4;2022/03/24;None;None;None
stale;2022/03/24;None;None;None
jason914;2022/03/25;None;autowarefoundation;itri
WJaworskiRobotec;2022/03/28;None;autowarefoundation;robotec
JeremyCKT;2022/03/28;None;None;None
kaancolak;2022/03/28;LeoDrive.ai;tier4, leo-drive, autowarefoundation;leodrive
kei-t4;2022/03/29;Tier IV;tier4, autowarefoundation;tier4
tkhmy;2022/03/30;@tier4 ;tier4, autowarefoundation;tier4
k-obitsu;2022/03/30;@tier4;tier4, autowarefoundation;tier4
chishengshih;2022/03/30;National Taiwan University;SystemProgrammingatNTU, tier4, autowarefoundation;None
goktugyildirim;2022/03/30;LEO Drive;autowarefoundation;None
esteve;2022/03/31;None;apache, fluidinfo, ros, robotics-in-concert, CPFL, ros2, ros2-java, autowarefoundation, ros2-dotnet;None
NaoyoriTanzawa;2022/03/31;TIER IV;tier4, autowarefoundation;tier4
JokerWhy233;2022/03/31;None;None;None
JohannesBetz;2022/03/31;Technical University of Munich;mlab-upenn, f1tenth, autowarefoundation;None
ShoukatM;2022/04/01;None;None;None
ralwing;2022/04/01;None;None;None
brkay54;2022/04/04;Planning & Control @ Leo Drive;leo-drive, autowarefoundation;leodrive
senagolcuk;2022/04/04;@leodrive.ai;autowarefoundation;leodrive
mehmetdogru;2022/04/05;None;tier4, autowarefoundation;leodrive
piotr-zyskowski-rai;2022/04/05;Robotec.ai;tier4, autowarefoundation;robotec
rej55;2022/04/07;TIER IV, Inc.;tier4, autowarefoundation;tier4
miursh;2022/04/11;None;tier4, autowarefoundation;tier4
shmpwk;2022/04/11;@tier4;tier4, autowarefoundation;tier4
YoshinoriTsutake;2022/04/11;None;tier4;tier4
PengfeiLin0609;2022/04/11;None;None;None
Sharrrrk;2022/04/12;@autocore-ai ;tier4, autowarefoundation;autocore
doganulus;2022/04/12;Boğaziçi University @bouncmpe ;autowarefoundation, bounverif, bouncmpe;bogazici
soblin;2022/04/13;@tier4;tier4, autowarefoundation;tier4
sevocrear;2022/04/14;None;None;None
emi0116;2022/04/14;None;None;None
JianKangEgon;2022/04/15;@autocore-ai;autowarefoundation;autocore
storrrrrrrrm;2022/04/15;@autocore-ai;autowarefoundation;autocore
beginningfan;2022/04/15;@autocore-ai;autowarefoundation;autocore
plane-li;2022/04/15;@autocore-ai;autowarefoundation;autocore
shulanbushangshu;2022/04/15;@autocore-ai;autowarefoundation;autocore
william-zhangshuai;2022/04/17;None;None;None
kminoda;2022/04/19;TIER IV;tier4, autowarefoundation;tier4
aohsato;2022/04/19;TIER IV;CPFL, tier4, autowarefoundation;tier4
scepter914;2022/04/19;TIER IV, Inc;tier4, autowarefoundation;tier4
YamatoAndo;2022/04/20;None;CPFL, tier4, autowarefoundation;tier4
yabuta;2022/04/20;None;CPFL, tier4, autowarefoundation;tier4
Denri006;2022/04/20;University of California, Riverside;rtenlab;None
crazydude123;2022/04/22;None;None;None
Mud-B;2022/04/25;None;None;None
ajay1606;2022/04/25;None;None;None
eratostennis;2022/04/26;TIER IV, Inc. Ex DeNA;CPFL, tier4, autowarefoundation;tier4
amtommy;2022/04/26;None;None;None
mojomex;2022/04/26;Tier IV;tier4, autowarefoundation;tier4
sglee-morai;2022/04/26;None;None;None
yuasabe;2022/04/27;None;tier4, autowarefoundation;tier4
chris-interplai;2022/04/29;None;None;None
waynejstaats;2022/04/29;None;None;None
LucaFos;2022/05/04;None;None;None
brian841102;2022/05/05;ITRI;autowarefoundation;itri
ito-san;2022/05/06;@tier4;tier4, autowarefoundation;tier4
mengmenghu-Alex;2022/05/09;None;None;None
anushamandalapu-tomtom;2022/05/09;None;None;None
HiroIshida;2022/05/10;University of Tokyo;None;None
JessicaTegner;2022/05/11;@uber ;None;None
RyuYamamoto;2022/05/12;TIER IV, Inc.;tork-a, citbrains, open-rdc, ros-japan-users, tier4, autowarefoundation;tier4
adamkrawczyk;2022/05/12;Aptiv;None;None
samehmohamed88;2022/05/12;Motional;None;None
raminterpl;2022/05/13;None;autowarefoundation;interplai
FabioSpano;2022/05/16;Minerva Systems;None;None
HamburgDave;2022/05/18;None;autowarefoundation;None
VRichardJP;2022/05/19;Macnica;autowarefoundation;macnica
mimimidododo;2022/05/20;None;None;None
NorahXiong;2022/05/20;@autocore-ai;autowarefoundation;autocore
hakuturu583;2022/05/24;TIER Ⅳ.inc;CPFL, tier4, OUXT-Polaris;tier4
mertyavuz41;2022/05/25;Adastec;None;None
xqe2011;2022/05/26;None;None;None
takam5f2;2022/05/26;TIER IV, inc.;None;tier4
alanmengg;2022/05/27;None;None;None
TomohitoAndo;2022/05/30;TIER IV, Inc;CPFL, tier4, autowarefoundation;tier4
sisaha9;2022/05/30;None;VectorAero, Triton-AI, UCSDAutonomousVehicles2021Team1, UCSD-ECEMAE-148, UCSD-DSC178, autonomous-karting-series, ROAR-Collaboration, avamobility;None
hatem-darweesh;2022/05/31;Nagoya University;None;None
andrejpadilha2;2022/06/01;Seazone;None;None
Hyeongseok-Jeon;2022/06/02;None;autowarefoundation;None
koraykoca;2022/06/05;BMW Group;None;None
CagriCatik;2022/06/06;None;None;None
vios-fish;2022/06/06;@tier4 ;CPFL, uchidalab, tier4;tier4
samet-kutuk;2022/06/06;@leo-drive;autowarefoundation;None
bariskapaligoz;2022/06/06;None;None;None
JToolGD;2022/06/07;None;None;None
mikechan0731;2022/06/08;ITRI;None;None
TomoyukiaW;2022/06/14;MACNICA;None;None
drwnz;2022/06/14;TIER IV, Nagoya University;CPFL, tier4, autowarefoundation;tier4
Soohyeok-Park;2022/06/15;MORAI Inc.;None;None
ataparlar;2022/06/16;@leo-drive ;itu-rover, autowarefoundation;leodrive
tecena;2022/06/16;None;None;None
liuzf1988;2022/06/17;None;None;None
cyn-liu;2022/06/17;None;tier4, autowarefoundation;autocore
LevieSun;2022/06/20;None;None;None
may012345;2022/06/20;None;None;None
Zeysthingz;2022/06/20;Leo Drive;autowarefoundation, VisionX-Plant-Pathology-Team;leodrive
QZJGeorge;2022/06/20;None;autowarefoundation;None
MichaelShen97;2022/06/21;None;None;None
nonlinear1;2022/06/22;None;None;None
anhnv3991;2022/06/22;None;CPFL, tier4, autowarefoundation;tier4
kielczykowski-rai;2022/06/22;@RobotecAI ;tier4, autowarefoundation;robotec
aforlano;2022/06/23;None;None;None
QipiaoZhou;2022/06/27;None;None;None
jihwankimqd;2022/06/28;None;None;None
JordanCrawfordx;2022/06/30;None;None;None
deansaco;2022/06/30;None;None;None
karmenlu;2022/07/06;None;autowarefoundation;None
MrOCW;2022/07/07;None;None;None
Kei-OO;2022/07/11;None;None;None
EcotronCorp;2022/07/11;Ecotron;Ecotron-Corp;None
knzo25;2022/07/12;@tier4 ;tier4, autowarefoundation;tier4
sujithvemi;2022/07/12;None;autowarefoundation;interplai
MertClk;2022/07/12;LeoDrive.ai;tier4, autowarefoundation;leodrive
DeepakVellampalli;2022/07/12;None;None;None
nabetetsu;2022/07/13;None;None;tier4
NilaySener;2022/07/18;None;autowarefoundation;leodrive
hasanzfdn;2022/07/18;Autonoma inc.;autowarefoundation, AeskAutonomous;None
ktro2828;2022/07/20;@tier4;tier4, autowarefoundation;tier4
gayar-helm;2022/07/20;None;None;None
twbabyduck;2022/07/26;None;None;None
djargot;2022/07/26;None;tier4, autowarefoundation;None
SyahirMuzni;2022/07/27;None;None;None
nobuotakamasa;2022/07/28;None;tier4;tier4
kasper-helm;2022/07/28;None;None;None
Light7Rain;2022/08/01;None;None;None
youxiho1;2022/08/02;Nankai University;None;None
Gian-Alessio;2022/08/03;None;None;None
lijiaming5550;2022/08/03;None;None;None
momala;2022/08/04;None;None;None
kaola0504;2022/08/05;None;None;None
takeshi-iwanari;2022/08/08;@tier4;None;None
Croquembouche;2022/08/08;None;autowarefoundation;wsu
WfHit;2022/08/09;None;None;None
kenichirohatayama;2022/08/09;TIER 4;tier4;tier4
PatelPurav05;2022/08/10;None;None;None
jiangguoding;2022/08/16;None;None;None
lhakim85;2022/08/23;None;autowarefoundation;reka
tkm2261;2022/08/26;None;None;None
siyouluo;2022/08/28;上海交通大学;None;None
bdcong;2022/08/30;None;None;None
chenzhengxi;2022/08/31;None;None;None
paolacanuto;2022/09/01;None;None;None
Ruben0407;2022/09/02;None;None;None
fightingnoble;2022/09/03;Peking University;None;None
msanchezvicom;2022/09/05;None;None;None
phkarle;2022/09/06;@TUMFTM;autowarefoundation;tum
lilyildiz;2022/09/08;Yıldız Techincal University;None;None
lilyrosecarnation;2022/09/13;None;None;None
jfqureshi;2022/09/13;None;None;None
AminoACID123;2022/09/14;None;None;None
lchojnack;2022/09/14;@RobotecAI ;tier4, autowarefoundation;robotec
akorb;2022/09/15;None;None;None
gaokao123;2022/09/19;None;None;None
domajstorovic;2022/09/20;Technical University of Munich;None;None
leonlee723;2022/09/21;None;None;None
osholsonel20;2022/09/21;OSHCORP - Advanced Products;None;None
evshary;2022/09/22;None;Adlink-ROS, autowarefoundation;adlink
pjj707278870;2022/09/26;None;None;None
enesadastec;2022/09/28;None;None;None
LuckyDog666;2022/10/03;None;None;None
jfkkf123;2022/10/04;None;None;None
PeterMal0ne;2022/10/05;None;None;None
Minsu-Kim1822;2022/10/06;None;None;None
RalphGarson;2022/10/06;None;None;None
Mingyu1991;2022/10/07;None;autowarefoundation;None
simon-t4;2022/10/11;None;tier4;tier4
wjxjmj;2022/10/11;None;autowarefoundation;autocore
smorita-esol;2022/10/11;None;None;None
StepTurtle;2022/10/12;Yıldız Technical University;autowarefoundation;leodrive
hayato-m126;2022/10/17;@tier4 ;tier4, autowarefoundation;tier4
timecrisis5;2022/10/18;None;None;None
ismetatabay;2022/10/18;Istanbul Technical University;tier4, autowarefoundation;leodrive
rsasaki0109;2022/10/18;MAP IV, Inc.;MapIV, tier4, autowarefoundation, AutomotiveAIChallenge;map4
sfukuta;2022/10/20;None;tier4;None
tleyden;2022/10/20;Indie Hacker (formerly Databricks);None;None
veqcc;2022/10/21;TIER IV;tier4, Goda-Research-Group, autowarefoundation;tier4
gurselturkeri;2022/10/21;None;None;None
ln879044;2022/10/21;None;None;None
ydcttt;2022/11/01;None;None;None
nainaigetuide;2022/11/02;None;None;None
malayjerdi;2022/11/02;None;None;None
liuXinGangChina;2022/11/02;autocore.ai;autowarefoundation;autocore
sethut1224;2022/11/02;None;None;None
liuypcoding;2022/11/03;None;None;None
masahi;2022/11/03;None;apache, dmlc, octoml;tier4
PaGu3;2022/11/03;None;None;None
tzu-lin-huang-128;2022/11/07;None;None;None
HansRobo;2022/11/09;TIER IV;naist-robotics, tier4, OUXT-Polaris, autowarefoundation, choreonoid, ibis-ssl, Kansai-SpringRobocon, ForteFibre;tier4
reinierkof;2022/11/11;None;None;None
mackierx111;2022/11/14;TIER IV;tier4, autowarefoundation;tier4
Madhuvd;2022/11/14;None;None;None
lionator;2022/11/15;Hochschule Heilbronn;None;None
n-patiphon;2022/11/16;None;CPFL, MapIV, tier4, autowarefoundation;map4
anilbommareddy;2022/11/21;None;None;None
harihitode;2022/11/22;TIER IV, Inc.;tier4;tier4
HamedMesri-TomTom;2022/11/23;None;None;None
rolandvanvenrooy-tomtom;2022/11/23;None;None;None
phoenares;2022/11/24;None;None;None
TZECHIN6;2022/11/24;None;None;None
g2181053;2022/11/25;None;None;None
caiyuexiang;2022/11/28;autocore.ai;None;None
arjunshetty955;2022/11/28;None;None;None
MarioAlmelaUMH;2022/11/29;None;None;None
marcusvinicius178;2022/12/01;None;None;None
ashkildighin;2022/12/05;None;None;None
Ryujiyasu;2022/12/05;M2labo;None;None
FranzAlbers;2022/12/05;@rst-tu-dortmund ;None;None
miku54;2022/12/07;None;None;None
xia-ya;2022/12/08;None;None;None
cjffly;2022/12/08;None;None;None
tongyucong;2022/12/11;None;None;None
Youneko;2022/12/12;Tier IV, Inc.;tier4;tier4
donnieliu;2022/12/12;None;None;None
patelabhay-12;2022/12/13;None;None;None
wangxianggang1997;2022/12/15;None;None;None
LiangHuangBC;2022/12/15;None;None;None
mariosebasco;2022/12/19;HDT  Global;None;None
kohei-y1123;2022/12/20;None;None;None
pwrcoder1391;2022/12/20;None;None;None
KhalilSelyan;2022/12/20;Leo Drive;autowarefoundation;leodrive
batuhanbeytekin;2022/12/22;Robeff Technology;autowarefoundation, AeskAutonomous;leodrive
nicolasdec;2022/12/22;None;None;None
adnanhaf;2022/12/22;None;None;None
fengziHK;2022/12/29;None;None;None
lianbin;2023/01/02;None;None;None
Robotics010;2023/01/06;None;None;None
joewong00;2023/01/09;None;None;None
AndriiChumak145;2023/01/10;None;None;None
mshah72;2023/01/15;None;None;None
ahmeddesokyebrahim;2023/01/18;None;autowarefoundation;leodrive
yvzksgl;2023/01/18;None;leo-drive, autowarefoundation;leodrive
leeseho;2023/01/19;None;None;None
isouf;2023/01/22;None;None;None
saicsk-deloitte;2023/01/23;None;None;None
jspricke;2023/01/24;None;ros, PointCloudLibrary, OpenPerception, ros-planning, uos, f-droid, Etar-Group, ros-o;None
YossyTaka;2023/01/25;TIER IV;tier4;tier4
Hensbag;2023/01/25;None;None;None
YusufDALAK;2023/01/28;None;None;None
nitro6206;2023/01/29;None;None;None
AviBen96;2023/01/31;King's College London;None;None
fadimecetiner;2023/02/02;None;None;None
Deepak3994;2023/02/02;Interplai;autowarefoundation;interplai
lsteinosk;2023/02/02;None;None;None
lexavtanke;2023/02/10;None;autowarefoundation;leodrive
sezan92;2023/02/15;None;autowarefoundation;None
sykwer;2023/02/16;TIER IV, Inc. / The University of Tokyo;tier4, pflab-ut, autowarefoundation;tier4
whw-create;2023/02/16;None;None;None
joseph16388;2023/02/17;None;None;None
asana17;2023/02/17;None;autowarefoundation;None
YoshiRi;2023/02/17;None;tier4, autowarefoundation;tier4
izzetbasli;2023/02/21;None;None;None
wutianze;2023/02/22;None;None;None
jbyang1;2023/02/27;None;None;None
yamazakiTasuku;2023/03/01;None;None;None
jacksilb;2023/03/01;None;autowarefoundation;None
jediofgever;2023/03/02;None;BerfAI;None
amadeuszsz;2023/03/02;TIER IV;tier4, autowarefoundation;tier4
damodarRohit;2023/03/06;None;None;None
benrbray;2023/03/07;None;None;None
HMX2013;2023/03/07;None;None;None
mgarnett21;2023/03/07;None;None;None
albiim;2023/03/07;None;None;None
Kim-mins;2023/03/12;None;kupl;None
yangjiameng;2023/03/13;None;None;None
Motsu-san;2023/03/13;TIER IV;tier4, autowarefoundation;tier4
Nick79919030;2023/03/13;None;None;None
zhuyingxiang95;2023/03/15;None;None;None
zillur-av;2023/03/15;University of Nevada, Las Vegas;None;None
mayacarla2070;2023/03/16;None;None;None
Bistuwwh;2023/03/16;None;None;None
Narendarselva;2023/03/17;None;None;None
ahuazuipiaoliang;2023/03/20;Pixmoving, Inc.;pixmoving-moveit, autowarefoundation, pixmoving-auto;pixmoving
yaoweixiao-ux;2023/03/21;None;None;None
lymcs;2023/03/21;None;None;None
ryanyej;2023/03/29;move-x;None;None
annb3;2023/03/29;None;None;None
sudhsrik;2023/03/29;None;None;None
TauTheLepton;2023/03/31;Robotec.ai;tier4, autowarefoundation;robotec
Tester2009;2023/04/04;None;None;None
ddutan2000;2023/04/04;None;None;None
Shin-kyoto;2023/04/06;None;tier4, autowarefoundation;tier4
davutcanakbas;2023/04/12;@robolaunch ;SUBU-AISET, robolaunch;None
Gowtham-Raj-M;2023/04/13;None;None;None
asa-naki;2023/04/14;TIER IV;tier4, autowarefoundation, KUAMSLab;tier4
SakodaShintaro;2023/04/14;None;tier4, autowarefoundation;tier4
LIIHWF;2023/04/17;None;None;None
screenflip;2023/04/18;None;tier4, autowarefoundation;None
Naophis;2023/04/20;None;tier4, MiceBusters, autowarefoundation;tier4
goomy241;2023/04/24;None;None;None
gauthamnarayan;2023/04/25;Carnegie Mellon University;None;None
logihp;2023/04/26;None;None;None
TUMGEKA;2023/04/26;None;None;None
zjw77889;2023/04/28;None;None;None
oguzkaganozt;2023/04/28;None;autowarefoundation;leodrive
yuntianyi-chen;2023/04/29;University of California, Irvine;None;None
ashishrrs;2023/05/03;None;None;None
zymgp;2023/05/07;None;None;None
vnodpangul;2023/05/07;None;None;None
jamestkpoon;2023/05/09;None;None;None
jiangqii;2023/05/09;None;None;None
KYabuuchi;2023/05/10;TIER IV;tier4, autowarefoundation;tier4
oosuiw;2023/05/10;Chosun University;None;None
TakumIto;2023/05/10;None;tier4;None
RAAA-Alaguvel-Armstrong;2023/05/13;None;None;None
hect95;2023/05/16;@ipab-rad ;None;None
TaikiYamada4;2023/05/17;None;tier4, autowarefoundation;tier4
shintaro-mori;2023/05/17;None;None;None
porizou;2023/05/21;None;None;None
kshitiz-deloitte;2023/05/22;None;None;None
LGerstla01;2023/05/23;None;None;None
farukbaykara;2023/05/25;None;autowarefoundation;None
major2012ye;2023/05/26;None;None;None
QSLee-Net;2023/05/30;CASIC;None;None
Autostone-c;2023/05/31;None;None;None
hcn1519;2023/05/31;None;None;None
13304490790;2023/06/05;None;None;None
Joonki0111;2023/06/05;None;None;None
RonaldEnsing;2023/06/05;None;tud-cor, tudelft-iv;None
jyh3690;2023/06/06;None;None;None
SKT-r;2023/06/07;None;tier4;None
Danior2235;2023/06/08;None;None;None
sahapratik5656;2023/06/09;None;None;None
zymouse;2023/06/09;pixmoving;None;None
prabanjanGITHUB;2023/06/11;None;None;None
yaukaizhi;2023/06/12;None;None;None
Tanishq30052002;2023/06/13;IIT(ISM) Dhanbad;None;None
JulioPlaced;2023/06/13;Univesity of Zaragoza;None;None
zeidk;2023/06/18;National Institute of Standards and Technology;None;None
lishizhen1412;2023/06/19;None;None;None
lixianqiang;2023/06/19;None;None;None
museas-azm;2023/06/23;None;None;None
Tom-Li-Lee;2023/06/25;None;autowarefoundation;autocore
sarubito;2023/06/25;None;Sirius-OIT;None
masahiro-kubota;2023/06/26;None;tier4, autowarefoundation;tier4
inwoong32;2023/06/27;None;None;None
egkim-kitech;2023/06/28;None;None;None
pedrorito;2023/06/28;@nap-it;nap-it;None
DaikiNiimi;2023/06/29;None;None;None
guchangjun;2023/07/01;None;None;None
yoneyoneclub;2023/07/03;None;None;None
AhmadAmine998;2023/07/04;University of Pennsylvania;None;None
J-xinyu;2023/07/04;thu;None;None
felixf4xu;2023/07/05;None;None;None
pojenwang;2023/07/06;None;autowarefoundation;None
polurik;2023/07/08;None;tier4;None
SaltUhey;2023/07/10;None;tier4;None
tomaszkapron;2023/07/11;None;None;None
davidc0619;2023/07/12;Danlaw Inc.;autowarefoundation;None
mosss-code;2023/07/14;None;None;None
RogerJung;2023/07/15;None;None;None
fiwz789;2023/07/19;None;None;None
liangzhiqiang-lzq;2023/07/20;None;None;None
MlLearnerAkash;2023/07/21;PravaigDynamics;None;None
hoppss;2023/07/23;None;None;None
radolin;2023/07/24;SUSE;None;None
cho-jang-hyun;2023/07/25;Kyung Hee University;hyper-vision-2023;None
AElkenawy;2023/07/27;None;None;None
mebasoglu;2023/07/27;None;tier4, autowarefoundation, AeskAutonomous;leodrive
HarryMechatron;2023/07/27;None;None;None
yusufy1ld1z;2023/07/28;None;None;None
xoofee;2023/08/01;None;None;None
lpxiangyan9;2023/08/02;None;None;None
Kaipa-Charan;2023/08/03;None;None;None
pflee2002;2023/08/03;University of Texas Arlington;None;None
dilloncsr;2023/08/04;None;None;None
hdossaji94;2023/08/04;None;None;None
plainspoken-chris;2023/08/04;None;None;None
tl230419;2023/08/07;None;None;None
yama42326;2023/08/10;None;None;None
pandyah;2023/08/10;None;None;None
hzkkk1997;2023/08/10;None;None;None
BritvaBo;2023/08/16;None;None;None
hakanaktass;2023/08/18;None;None;None
mdabir1203;2023/08/20;42 Wolfsburg;None;None
zzx568730371;2023/08/21;None;None;None
Rumika685;2023/08/21;RumiCar;RumiCar-group;None
MechanoPixel;2023/08/21;None;None;None
okataka123;2023/08/23;None;None;None
amc-nu;2023/08/24;MAP IV / TIER IV;CPFL, tier4, autowarefoundation;map4
phoenixGG;2023/08/24;None;None;None
muratgozum45;2023/08/25;None;None;None
RainBowAurora;2023/08/25;None;None;None
lawbreaker2022;2023/08/25;None;None;None
TAICHInoda;2023/08/28;None;None;None
whbcumtb;2023/08/31;None;autowarefoundation;None
qianxingqx;2023/09/04;None;None;None
lorenzzhao;2023/09/04;None;None;None
letsgoniaoniao;2023/09/05;None;None;None
TobiasMascetta;2023/09/05;None;None;None
gdengchao;2023/09/06;None;None;None
eromreve123;2023/09/06;None;None;None
dotun457;2023/09/06;None;None;None
xianglunkai;2023/09/07;None;None;None
jerry73204;2023/09/08;None;None;None
ziri4k;2023/09/09;None;None;None
hliu869;2023/09/11;None;None;None
mkakh;2023/09/11;None;tier4;None
greensky0802;2023/09/12;JDL;autowarefoundation;jdlogistics
dong-hub-png;2023/09/14;None;None;None
villaoningfootball;2023/09/15;None;autowarefoundation;jdlogistics
wbq0206;2023/09/15;None;autowarefoundation;jdlogistics
tianhuangshi;2023/09/18;None;None;None
adi-driveu;2023/09/18;None;None;None
cycyc1949;2023/09/22;None;autowarefoundation;jdlogistics
WyjFrogi;2023/09/25;None;None;None
yuanchao16;2023/09/26;None;None;None
doyan00;2023/09/27;None;None;None
aez99;2023/09/27;None;None;None
IDS-zhangxr;2023/10/04;None;None;None
idorobotics;2023/10/04;None;autowarefoundation, Autoware-AI;adastec
YuqiHuai;2023/10/05;UC Irvine;None;None
lukewarmtemp;2023/10/06;Red Hat;None;None
danicannt;2023/10/10;None;None;None
YashuMessi18;2023/10/12;None;None;None
KASUYASU;2023/10/13;None;None;None
Rrooach;2023/10/15;None;None;None
wifo130;2023/10/16;None;None;None
boyang9602;2023/10/16;None;None;None
danielsanchezaran;2023/10/18;@tier4 ;tier4, autowarefoundation;tier4
buraakozcan;2023/10/18;None;None;None
jp-amaral;2023/10/18;None;None;None
tseco15;2023/10/19;None;None;None
chavankunal;2023/10/19;None;None;None
stefanofio;2023/10/24;None;None;None
LouiMilvus;2023/10/26;None;None;None
jieunko;2023/10/27;None;None;None
klausmikealsontheking;2023/10/29;None;None;None
MrRubyRed;2023/10/31;None;HJReachability;None
harishkumarbalaji;2023/11/01;None;None;None
KRajeswarRao;2023/11/06;None;None;None
chivas1000;2023/11/08;None;None;None
npnquang;2023/11/08;None;None;None
ZiweiSong96;2023/11/13;City University of Hong Kong;None;None
srh-farghaly;2023/11/14;None;None;None
xunkaixin;2023/11/15;None;None;None
KJM-N;2023/11/16;None;None;None
danielvadranapuUB;2023/11/16;None;None;None
tfnh621;2023/11/17;Saitama Institute of Technology;saikocar;None
AmirInt;2023/11/27;None;None;None
nourhanMohamed0;2023/11/30;Faculty of Engineering, Helwan university;None;None
miharaka;2023/12/05;None;None;None
charan-rs;2023/12/06;None;None;None
yuki-takagi-66;2023/12/07;None;tier4, autowarefoundation;tier4
BeeLiu24;2023/12/08;东莞理工;None;None
xuyuan-han;2023/12/08;None;None;None
kungfrank;2023/12/10;None;None;None
sun421-cloud;2023/12/11;None;None;None
VietPT3502;2023/12/14;None;None;None
sabesp;2023/12/20;None;None;None
kev278;2023/12/24;None;WPI-MMR;None
bhagyashriwabhitkar;2023/12/29;None;None;None
wodone;2024/01/02;None;None;None
BBRAVEV;2024/01/03;None;None;None
proxi666;2024/01/05;None;None;None
xob-erx;2024/01/21;None;None;None
SilaLiu;2024/01/23;贵州韩凯斯智能技术有限公司;None;None
atanasko;2024/01/24;None;None;None
stevenbrills;2024/01/25;None;None;None
lethal233;2024/01/27;None;None;None
sgk-000;2024/01/31;GO Inc;None;None
maitelorente;2024/02/02;None;None;None
Ericpotato;2024/02/07;None;tier4, autowarefoundation;tier4
rohanNkhaire;2024/02/09;None;None;None
is-whale;2024/02/18;None;None;None
ahmaad-ansari;2024/02/20;None;None;None
0116lhc;2024/02/22;None;None;None
GenTakeyama;2024/02/22;None;tier4;None
enescingoz;2024/02/23;@elm-europe-am;None;None
HanJiaxing521;2024/02/25;City University of Hong Kong;None;None
luxapana;2024/02/28;None;None;None
4swinv;2024/02/29;None;None;None
tzhong518;2024/02/29;None;tier4, autowarefoundation;tier4
Kalpit-Vadnerkar;2024/02/29;Clemson University;None;None
shaoniandujianyiqingqiu;2024/03/02;None;None;None
doublesorrymaker;2024/03/03;None;None;None
Napolleon4;2024/03/03;None;None;None
berkaysahinaskar;2024/03/05;None;None;None
Close-Recover;2024/03/11;None;None;None
renzeyu888;2024/03/14;None;None;None
stefanAMB;2024/03/15;None;None;None
simon-eisenmann-driveblocks;2024/03/15;@driveblocks ;tier4, autowarefoundation;driveblocks
Owen-Liuyuxuan;2024/03/18;None;None;tier4
rugved42;2024/03/19;None;None;None
rajkumar-iyer;2024/03/19;None;None;None
RajkumarIyer-StreetDrone;2024/03/19;None;None;None
RoboCrafty;2024/03/20;None;None;None
melihyazgan;2024/03/20;FZI Forschungszentrum Informatik;None;None
chang330;2024/03/20;None;None;None
nivu;2024/03/20;@nunnarilabs @aicbe;aitamilnadu, nunnarilabs;None
congphase;2024/03/21;None;None;None
yoepav;2024/03/21;@fontys;None;None
zehranrgi;2024/03/21;None;None;None
MetehanGokmen;2024/03/21;None;None;None
wk123467;2024/03/22;None;None;None
marioney;2024/03/22;None;rosin-project, tud-cor;None
vividf;2024/03/25;TIER IV;tier4, autowarefoundation;tier4
gulbinkirikoglu;2024/03/25;None;None;None
dbaksoy;2024/03/25;None;None;None
masierralomby;2024/03/27;None;None;None
dnlvcnt-lab;2024/03/27;None;None;None
SujayAmberkar;2024/03/28;Viga Entertainment Tech.;autowarefoundation;None
mhmdrz-mirdamadi;2024/03/28;smart-mining.iut.ac.ir;None;None
technolojin;2024/03/29;TIER IV;tier4, autowarefoundation;tier4
zsan2023;2024/03/29;None;None;None
HAR0070;2024/03/30;None;None;None
luojiaxiang11;2024/04/01;None;None;None
Autumn60;2024/04/02;TIER IV, Inc.;tier4, autowarefoundation;tier4
zubxxr;2024/04/03;None;None;None
FahadRazaKhan;2024/04/04;Tohoku University;None;None
saina-ramyar;2024/04/04;None;None;None
ibrahimsel;2024/04/08;None;None;None
jouta15123;2024/04/08;None;None;None
sasakisasaki;2024/04/08;None;tier4, autowarefoundation;tier4
ohsawa1204;2024/04/10;None;tier4, autowarefoundation;tier4
woshinidiesb;2024/04/10;None;None;None
PigBroA;2024/04/11;None;None;None
sebekx;2024/04/12;None;None;None
JOLOC;2024/04/16;None;None;None
mohammad-deepen;2024/04/17;None;autowarefoundation;None
zeta-mobility;2024/04/18;None;None;None
GirijaBM;2024/04/19;None;None;None
yhisaki;2024/04/22;None;tier4, autowarefoundation;tier4
cemtolgamunyas;2024/04/23;None;None;None
youtalk;2024/04/24;@tier4;ros-japan-users, ros2-gbp, tier4, autowarefoundation;tier4
CristianGariboldi;2024/04/25;None;None;None
PPeltzerFka;2024/04/25;None;None;None
TimS120;2024/05/04;None;None;None
The-wind-rises-2023;2024/05/05;None;None;None
zhangcj13;2024/05/06;None;None;None
gaoyelu1996;2024/05/07;None;None;None
sgNicola;2024/05/08;None;None;None
zusizusi;2024/05/08;None;tier4, autowarefoundation;tier4
Howardcl;2024/05/11;None;None;None
ahsan155;2024/05/13;None;None;None
YujiroKanamori;2024/05/14;None;None;None
hupo4321;2024/05/15;None;None;None
EdoardoMolinatti;2024/05/15;Teoresi S.p.A;None;None
Lkaho;2024/05/15;Nanyang Technological University;None;None
zhiwango;2024/05/16;TIER IV;tier4;tier4
mkquda;2024/05/17;None;tier4, autowarefoundation;tier4
banban1029;2024/05/19;None;None;None
Reincaren;2024/05/21;None;None;None
HansOersted;2024/05/22;None;tier4, autowarefoundation;tier4
gitoabdelgawad;2024/05/22;None;None;None
LilHu7;2024/05/23;None;None;None
epris;2024/05/24;None;None;None
qiange666;2024/05/26;CRRC;None;None
DennyKuo0809;2024/05/27;None;None;None
kany-hsu;2024/05/27;macnica;None;None
lonfr;2024/05/29;None;None;None
TianYifan-Vincent;2024/05/30;Fudan University;None;None
DarrenQu;2024/05/31;None;None;None
nwpuhkp;2024/06/03;Northwestern Polytechnical University;None;None
LifeIsBinary;2024/06/05;None;None;None
VeeranjaneyuluToka;2024/06/06;Submerged AS;None;None
kaiyama12345679;2024/06/07;The University of Tokyo;tier4;None
DevankGarg;2024/06/10;None;None;None
thomasankara;2024/06/11;None;None;None
tomas-pinto;2024/06/12;Vision-Box;autowarefoundation;None
Bond-063;2024/06/13;None;None;None
wobuzhuchele;2024/06/14;None;None;None
nslookupalexios;2024/06/17;None;None;None
f0reachARR;2024/06/20;Kyoto Institute of Technology;tier4, StudioAquatan, ForteFibre, stop-covid19-kyoto;None
xiangl-ai;2024/06/21;None;None;None
mraditya01;2024/06/21;Nagoya University;None;None
yjj9266;2024/06/22;None;None;None
ike-kazu;2024/06/23;None;tier4;None
ExitedState;2024/06/24;None;None;None
palas21;2024/06/24;@ITU-ZES-Solar-Car-Team ;autowarefoundation;leodrive
LyZii;2024/06/26;None;None;None
chuanyiyang;2024/06/26;None;None;None
nisshan-x;2024/06/26;None;tier4, autowarefoundation;tier4
Andrey949101;2024/06/26;None;None;None
skill121790;2024/06/26;None;None;None
JunWu-ARM;2024/06/27;ARM;None;None
supithcha;2024/06/27;Faculty of ICT, Mahidol University;None;None
k-trash;2024/06/27;oub;None;None
ZhenshengLee;2024/06/28;None;ros2middleware, garcia-auto;None
Yaoye1120;2024/06/28;Beijing Institute of Technology;None;None
DavideGiancola;2024/06/28;None;None;None
SiHyun-Sung;2024/07/02;None;None;None
Ironman1508;2024/07/03;None;None;None
Try110;2024/07/04;西南科技大学;None;None
surajkhatal20;2024/07/05;None;None;None
KM-Hyun;2024/07/09;None;None;None
KTKTKT0401;2024/07/09;None;None;None
autonomtech;2024/07/10;@mechatnom;None;None
slivingston;2024/07/10;@rerobots;python-control, tulip-control, EPS-Con, JPLOpenSource, fmrchallenge, rerobots, kuaikai, oneplaneteducation;None
go-sakayori;2024/07/12;None;tier4, autowarefoundation;tier4
pedralmeida22;2024/07/12;None;None;None
huangxuan700;2024/07/13;None;None;None
Xrenya;2024/07/15;None;None;None
kumaraarvind;2024/07/17;None;None;None
tiagospp55;2024/07/17;None;None;None
a-maumau;2024/07/18;None;tier4;None
HCA-a;2024/07/21;None;None;None
danilo-pejovic;2024/07/21;None;None;None
mitukou1109;2024/07/22;The University of Tokyo;tier4;None
XIAONNNN;2024/07/22;CHONGQING UNIVERSITY;None;None
mbharatheesha;2024/07/25;None;None;None
feng123a52;2024/07/26;None;None;None
aemilio-Developer;2024/07/26;Università degli Studi di Salerno;None;None
ajaycrytek;2024/07/28;AJ CRYTEK;None;None
devingw;2024/07/29;None;None;None
WilliamFlinchbaugh;2024/07/31;Darwin Deason Institute for Cyber Security;None;None
HarithaKameswari13;2024/08/03;None;None;None
1111F11;2024/08/05;None;None;None
lostDeers;2024/08/08;@MorizeroDev;MorizeroDev;None
cjmodi306;2024/08/12;None;None;None
Aysenayilmaz;2024/08/14;None;tier4, autowarefoundation;leodrive
habby1012;2024/08/19;None;None;None
aucon78;2024/08/20;None;None;None
manikandanhu2016;2024/08/22;None;None;None
JacksonWeil;2024/08/25;None;None;None
bmaxdk;2024/08/25;Robotics Research Software Engineering;None;None
Sid-pawar-13;2024/08/26;None;None;None
silly-h;2024/08/26;None;None;None
taisa1;2024/08/27;The University of Tokyo;None;None
FZ-Broky;2024/08/30;None;None;None
soumya997;2024/09/01;Broke Company;MLXTREME;None
Hikigaya-Yukina;2024/09/03;None;None;None
woo-cie;2024/09/05;None;tier4;tier4
abizovnuralem;2024/09/05;None;None;None
cxj213;2024/09/08;None;None;None
Charly242;2024/09/09;None;None;None
